{"cameraMode":{"drawMode":0,"name":"Shaded","section":"Shading Mode"},"sceneLighting":true,"audioPlay":false,"sceneViewState":{"m_AlwaysRefresh":false,"showFog":true,"showSkybox":true,"showFlares":true,"showImageEffects":true,"showParticleSystems":true,"showVisualEffectGraphs":true,"m_FxEnabled":true},"in2DMode":false,"pivot":{"x":-16.55709457397461,"y":-45.05268096923828,"z":16.187705993652345},"rotation":{"x":-0.08672720938920975,"y":0.19243785738945008,"z":-0.017049893736839296,"w":-0.9773496389389038},"size":39.74409866333008,"orthographic":false}