{"cameraMode":{"drawMode":0,"name":"Shaded","section":"Shading Mode"},"sceneLighting":true,"audioPlay":false,"sceneViewState":{"m_AlwaysRefresh":false,"showFog":true,"showSkybox":true,"showFlares":true,"showImageEffects":true,"showParticleSystems":true,"showVisualEffectGraphs":true,"m_FxEnabled":true},"in2DMode":false,"pivot":{"x":-30.033214569091798,"y":-30.81259536743164,"z":-140.17100524902345},"rotation":{"x":-0.013123375363647938,"y":0.9842260479927063,"z":-0.1563052088022232,"w":-0.08225376904010773},"size":118.69012451171875,"orthographic":false}